Al,Ap,cost,Xtau,XN,Ztau,ZN,xx,yy,zz,fev
0.4231381744744434,1.1015209409971374,100,0,0,0,0,0,0,0,30279
